event_id,full_description,description_length
"-2025-11-10","Το Γάλα του Βασίλη Κατσικονούρη

Δευτέρα 10 Νοεμβρίου στην Αίθουσα Τέχνης και Πολιτισμού Μ. Αλάξανδρος

Να μπορούσε να ξαναγίνειΔεν μπορεί να ξαναγίνειτίποτα δεν ξαναγίνεται ρε Λευτέρη

Η μεγάλη επιτυχία του Θεάτρου Σταθμός (Βραβείο ΚοινούAll4FunΚαλύτερης Παράστασης 2024) επαναλαμβάνεται για τρίτη θεατρική σεζόν. Το έργο – τομή του νεοελληνικού θεάτρου, που υπολογίζεται ότι έχουν δει σε όλη την Ελλάδα και το εξωτερικό πάνω από 500.000 θεατές, επανέρχεται στη σκηνή του Θεάτρου Σταθμός – είκοσι χρόνια από τη συγγραφή του και δέκα μετά το τελευταίο του ανέβασμα στη σκηνή. Το γάλα στα ρωσικά λέγεται “μαλακό”. Έτσι, περίεργα, μια ελληνική λέξη, σπαρμένη μέσα σε μια άλλη γλώσσα, δίνει εκεί, στο ξένο χωράφι, πολύ πιο άμεσα και ανάγλυφα την αίσθηση του πράγματος, απ’ ό,τι η αντίστοιχη που το ονοματίζει στα ελληνικά.

Γι’ αυτήν ακριβώς την αίσθηση θέλει να μιλήσει “Το γάλα” τουΒασίλη Κατσικονούρηκαι οι ήρωες του. Μια μητέρα από την πρώην Σοβιετική ένωση και οι δυο της γιοι συνθέτουν μια συγκλονιστική οικογενειακή ιστορία όπου φωτίζεται δεξιοτεχνικά από τον συγγραφέα ο συναισθηματικός κόσμος των ηρώων και οι ανησυχίες τους, όπως αυτές πηγάζουν μέσα από το κοινωνικό τους περιβάλλον, αλλά κυρίως η αίσθηση που έχει κανείς πως όλα μέσα του μαλακώνουν και ζεσταίνονται, όταν σταματάει πια να κλαίει και να πονάει γιατί δέχεται την τροφή του. Αγαπιέται… Κι όταν αυτό δεν συμβαίνει, τότε νιώθει ξένος. Σαν πρόσφυγας ανάμεσα σε δυο πατρίδες. Ξένες κι αυτές. Τη σκηνοθεσία – έχοντας στη διάθεσή τους μια εξαιρετική διανομή – υπογράφουν οΜάνος Καρατζογιάννηςμε μακρά θητεία στο ελληνικό έργο και ηΕρμίνα Κυριαζή, η οποία σκηνοθέτησε την περασμένη σεζόν και το πιο πρόσφατο έργο του Βασίλη Κατσικονούρη “Τσιτάχ. Η ερημιά του τερματοφύλακα”. Η παράσταση αφιερώνεται στη μνήμη του Κωνσταντίνου Παπαχρόνη, που πρώτος ερμήνευσε τον ρόλο του Λευτέρη το 2006 στην παράσταση του Εθνικού Θεάτρου.",1887
"-2025-11-12","ΔIKAIOYXOI ΜΕΙΩΜΕΝΟΥ ΕΙΣΙΤΗΡΙΟΥ

Φοιτητές, μαθητές, παιδιά, άνεργοι, πολύτεκνοι, τρίτεκνοι, σπουδαστές ωδείων, κάτοχοι Κάρτας Αλληλεγγύης, κάτοχοι Ευρωπαϊκής Κάρτας Νέων, κάτοχοι Διεθνούς Φοιτητικής Ταυτότητας, ΑμεΑ, μέλη των Σωμάτων Ασφαλείας(Πυροσβεστική , Λιμενικό , Αστυνομία), σπουδαστές σε Σχολές Ανώτερης Επαγγελματικής Κατάρτισης (ΣΑΕΚ), σε Σχολεία Δεύτερης Ευκαιρίας (ΣΔΕ) και σε Κέντρα Δια Βίου Μάθησης (ΚΔΒΜ).

Όλα τα μειωμένα εισιτήρια είναι έγκυραμόνο με την επίδειξη των απαραίτητων δικαιολογητικώνκατά την είσοδοκαι εφόσον αυτά είναισε ισχύ.

Γιαανέργουςαπαιτείται η προσκόμιση της ηλεκτρονικής ανανέωσης της κάρτας ανεργίας.

Τα μειωμένα εισιτήριαδεν ισχύουνγια φοιτητές του Ανοικτού Πανεπιστημίου και για φοιτητές που φέρουν φοιτητική ταυτότητα με την ένδειξη ""Δεν ισχύει"".",790
"-2025-11-18","Η performance«Με βραδύτητα δυτών»είναι μια παράσταση βωβού μουσικού θεάτρου για δύο μουσικούς και μία ηθοποιό.

Αφετηρία της αποτελεί το έργοLe Bœuf sur le Toit(1919) τουDarius Milhaud— μια σύνθεση με έντονη ειρωνεία και θεατρικότητα, την οποία οJean Cocteauπλαισίωσε με ένα σενάριο παράλογου θεάτρου, όπου οι ήρωες μοιάζουν με μαριονέτες και οι σκηνές αμφισβητούν τα όρια ανάμεσα στη μουσική και τη δράση.

Εμπνευσμένο από το σουρεαλιστικό σενάριο τουCocteau, το ντούοτέσσερα κάππαξεκινά μια ειρωνική και τρυφερή αναζήτηση του «πραγματικού» φινάλε της ιστορίας.

Ύστερα από πολύχρονη έρευνα και συνεδρίες με ψυχολόγους, bartenders, πολιτικούς αναλυτές, δημοσιογράφους και μέντιουμ, αποκαλύπτεται ότι —έναν αιώνα αργότερα— ένα βωβό πρόσωπο και δύο μουσικοί συναντιούνται στο μπαρ όπου οLigetiκαι οΠασόπουλοςπαίρνουν ρεβάνς από τονMilhaud.

Η ιστορία συνεχίζεται στοΚΕΤτηνΤρίτη 18 Νοεμβρίου.

Σκηνοθεσία:Άρης Τρουπάκης

Βοηθός σκηνοθεσίας:Περικλής Σιούντας

Σύλληψη:ντούο τέσσερα κάππα(Κατερίνα Κωνσταντούρου, Kωνσταντίνος Ράπτης)

Φωτισμοί:Ελένη Χούμου

Ερμηνεία:Αμαλία Τσεκούρα, ηθοποιός,Κατερίνα Κωνσταντούρου(πιάνο),Kωνσταντίνος Ράπτης(ακορντεόν)

Η παράσταση ανεβαίνει με την υποστήριξη του Ιδρύματος Ιωάννη Φ. Κωστοπούλου.

🔷 ΟΆρης Τρουπάκηςγεννήθηκε στην Αθήνα το 1976. Eίναι απόφοιτος της Δραματικής Σχολής του Θεάτρου Τέχνης, του Εργαστηρίου Σκηνοθεσίας του Εθνικού Θεάτρου και μέλος του Director’s Lab του Lincoln Center Theater (Νέα Υόρκη).Έχει σκηνοθετήσει στα εξής θέατρα: Εθνικό Θέατρο, Θέατρο Τέχνης, Θέατρο της Οδού Κεφαλληνίας, Θέατρο Μεταξουργείο, Θέατρο της Οδού Κυκλάδων, Θέατρο του Νέου Κόσμου, Απλό Θέατρο, θέατρο Faust, θέατρο Ελ-Ερ, θέατρο Skrow κ.ά.Ως ηθοποιός, έχει συμμετάσχει σε παραστάσεις του Εθνικού Θεάτρου, του Θεάτρου Τέχνης και σε παραγωγές του Θεάτρου της Οδού Κεφαλληνίας, του Φεστιβάλ Αθηνών, του Ακροπόλ, του Θεάτρου της Οδού Κυκλάδων κ.ά.Έχει διδάξει υποκριτική στη Δραματική Σχολή του Εθνικού Θεάτρου, στο Ωδείο Αθηνών, στη Δραματική Σχολή «Δήλος», στη Δραματική Σχολή «Πράξη Επτά» και στον Πειραϊκό Σύνδεσμο.

🔶 ΗΑμαλία Τσεκούραείναι απόφοιτος της Ανώτερης Δραματικής Σχολής του Εθνικού Θεάτρου. Ως ηθοποιός, έχει συνεργαστεί με τους σκηνοθέτες Λευτέρη Βογιατζή, Στάθη Λιβαθινό, Βαγγέλη Θεοδωρόπουλο, Μαριάννα Κάλμπαρη, Θοδωρή Αμπαζή, Βασίλη Μαυρογεωργίου, Σοφία Βγενοπούλου, Στρατή Πανουρίο, Φένια Παπαδόδημα, Άρη Τρουπάκη, Νίκο Μαστοράκη, Ρούλα Πατεράκη, Τάκη Τζαμαριά, Λυδία Κονιόρδου, Ελένη Γεωργοπούλου, Δήμο Αβδελιώδη, Γιάννη Παρασκευόπουλο κ.ά.Έχει συμμετάσχει σε παραστάσεις στο Εθνικό Θέατρο, στο ΚΘΒΕ, στο Θέατρο του Νέου Κόσμου και στο Θέατρο Τέχνης Καρόλου Κουν κ.ά.Ως βοηθός σκηνοθέτη, έχει συνεργαστεί με τους Σ. Βγενοπούλου, Μ. Κάλμπαρη και Γ. Χουβαρδά.Από τις πρόσφατες συνεργασίες της ενδεικτικά αναφέρονται:«Βασιλιάς Ληρ»σε σκηνοθεσία Γ. Χουβαρδά (2023–2024), Εθνικό Θέατρο·«Εκάβη»του Ευριπίδη σε σκηνοθεσία Ι. Βουλγαράκη (2023), Αρχαίο Θέατρο Επιδαύρου και περιοδεία·«154 Bertha»σε σκηνοθεσία Θ. Αμπαζή (2023), Θέατρο Τέχνης·«Ο Μπίντερμαν και οι εμπρηστές»σε σκηνοθεσία Σ. Βγενοπούλου (2021–22), Εθνικό Θέατρο, Εφηβική Σκηνή.

🔷 ΗΕλένη Χούμουείναι απόφοιτος του Τμήματος Φωτογραφίας και Οπτικοακουστικών Τεχνών του ΠΑΔΑ, καθώς και του Τμήματος Θεάτρου της Σχολής Καλών Τεχνών του ΑΠΘ, με ειδίκευση στη σκηνοθεσία και τον θεατρικό φωτισμό.Έχει επίσης ολοκληρώσει το μεταπτυχιακό πρόγραμμα «Σχεδιασμός Φωτισμού» του Ελληνικού Ανοιχτού Πανεπιστημίου.Έχει συνεργαστεί ως σχεδιάστρια φωτισμού με σκηνοθέτες και καλλιτεχνικές ομάδες σε οργανισμούς όπως το Ελληνικό Φεστιβάλ, η ΕΛΣ, το Ίδρυμα Σταύρος Νιάρχος, το Ίδρυμα ΝΕΟΝ, η Στέγη Ιδρύματος Ωνάση, το ΚΘΒΕ, το Εθνικό Θέατρο, το Μέγαρο Μουσικής Θεσσαλονίκης και Αθήνας, η Κρατική Ορχήστρα Θεσσαλονίκης, τοΔημοτικό Θέατρο Καλαμαριάς «Μελίνα Μερκούρη», το Θέατρο Νίκος Καζαντζάκης (Ηράκλειο) κ.ά.

🔶 Το ντούοτέσσερακάππαδημιουργήθηκε το 2023, όταν ο ακορντεονίσταςΚωνσταντίνος Ράπτηςκαι η πιανίσταΚατερίνα Κωνσταντούρουξεκίνησαν την αναζήτηση ρεπερτορίου για τον ασυνήθιστο συνδυασμό δύο πολυφωνικών οργάνων: ακορντεόν κοντσέρτου (με μελωδικά μπάσα) και πιάνου.Το ντούο μελετά τη δυναμική των διαφορετικών καταβολών των δύο οργάνων μέσα από την ερμηνεία σύγχρονων έργων, στα οποία οι δημιουργοί ενσωματώνουν στοιχεία από λαϊκές μουσικές, ενώ παράλληλα επιδιώκει τη συνέργεια με άλλες μορφές τέχνης.

🌐www.duotesserakappa.com

__________________________________________________

Κέντρο Ελέγχου Τηλεοράσεων

Κύπρου 91Α, Κυψέλη, Αθήνα

☎213 00 40 496|69 45 34 84 45

✉info@polychorosket.gr

SITE❘FB❘INSTA❘MASTODON❘NEWSLETTER❘SUPPORT US",4535
"-2025-11-27","Ευτυχία Μητρίτσα

ΑΙΩΝΙΕΣ ΓΥΝΑΙΚΕΣ “Το πρώτο βλέμμα”

THEATRE OF THE NOΠέμπτη 27 Νοεμβρίου

Η ξεχωριστή ερμηνεύτρια και δημιουργός Ευτυχία Μητρίτσα παρουσιάζει την Πέμπτη 27Νοεμβρίου στις 21.00 στο Theatre of the NO, την παράσταση «Αιώνιες Γυναίκες», μιαπρωτότυπη μουσική εμπειρία, βασισμένη στο τρίτο προσωπικό της album «Το πρώτοβλέμμα».Το album, που κυκλοφόρησε στις αρχές του 2020 λίγο πριν οι λέξεις «εγκλεισμός»,«πανδημία», «metoo» και «πόλεμος» γίνουν μέρος της καθημερινότητας, επιστρέφει τώραστη σκηνή μέσα από μια ζωντανή μουσική αφήγηση για τη γυναικεία ύπαρξη, τη δύναμηκαι την ευαισθησία της.Η Ευτυχία Μητρίτσα, με τη χαρακτηριστική ερμηνευτική της ένταση και τη στιβαρή μουσικήτης ταυτότητα, ξανασυστήνει το πρωτότυπο υλικό της και μας προσκαλεί σε ένα ταξίδιανάμεσα σε γυναίκες–σύμβολα και γυναίκες της διπλανής πόρτας.Κάθε τραγούδι γίνεται ένα όνομα, ένα βλέμμα, μια ιστορία· ένα κορίτσι, μια αδελφή,μια μητέρα, μια ψυχή που ζητά να ακουστεί. Οι ηρωίδες της, οικείες και απόμακρες,ευάλωτες και δυναμικές, εξομολογούνται, αφηγούνται, τραγουδούν τη δική τους αλήθεια,φέρνοντας στο φως τη διαχρονική πορεία της γυναίκας μέσα στον χρόνο.Ο θεματικός κύκλος «Το πρώτο βλέμμα» (σε μουσική της Ευτυχίας Μητρίτσα καιστίχους της Νάντιας Δουλαβέρα) αποτελείται από οχτώ τραγούδια, οχτώ γυναικείαπορτρέτα εμπνευσμένα από αρχετυπικές μορφές της αρχαίας ελληνικής γραμματείας, τωνεκκλησιαστικών κειμένων και της παράδοσης. Τα πρόσωπα αυτών της Ηλέκτρας, τηςΠηνελόπης, της Ισμήνης, της Περσεφόνης, της Ελένης, της Εύας, της Μαγδαληνής, τηςΧτισμένης - γνώριμα σε όλους μας, δε στέκουν μόνα. Στη σκηνή, αυτές οι μορφές«συνομιλούν» με άλλες εμβληματικές γυναικείες φιγούρες γνωστών τραγουδιών τηςέντεχνης και λαϊκής μουσικής μας παράδοσης, μέσα από έργα των Μάνου Χατζιδάκι,Μίκη Θεοδωράκη, Θάνου Μικρούτσικου, Δημήτρη Παπαδημητρίου, ΣταμάτηΚραουνάκη, Βασίλη Τσιτσάνη, Μάρκου Βαμβακάρη και νεότερων δημιουργών.Η μουσική της Ευτυχίας Μητρίτσα και η ερμηνευτική της δύναμη δημιουργούν ένανγοητευτικό κόσμο με έντεχνες και παραδοσιακές καταβολές.Η λιτή ενορχήστρωση, πουσυνδυάζει τα κλασικά με τα παραδοσιακά ηχοχρώματα, αποτελεί τη βάση για μιασυναρπαστική συνομιλία ανάμεσα στην ερμηνεύτρια και στους τρεις εξαιρετικούςμουσικούς που τη συνοδεύουν επί σκηνής.info

Ευτυχία Μητρίτσα – τραγούδι, σύνθεση πρωτότυπου μουσικού υλικού, επιμέλειαπρογράμματοςΝάντια Δουλαβέρα – στίχοι πρωτότυπου μουσικού υλικούΔημήτρης Σίντος – πιάνο, λαούτοΠάρις Περυσινάκης – μαντολίνο, κρητική λύραΔέσποινα Σπανού – τσέλοΚατερίνα Σαλταούρα – φωτισμόςΣυντελεστέςΣχεδιασμός Αφίσας: Σωτηρία ΜπράμουΕπικοινωνία & Δημόσιες Σχέσεις: Ελευθερία ΣακαρέληΗμερομηνία & Ώρα: Πέμπτη 27 Νοεμβρίου στις 21.00Τιμή εισιτηρίου: 15€Προπώληση εισιτηρίων: more.comΣημείωση: Το Θέατρο διαθέτει και μπαρ σε προσιτές τιμές (μπύρα 4€, ποτό 6-8€)THEATRE OF THE NO: Κωνσταντίνου Παλαιολόγου 3, Αθήνα Ι 6946851001(απέναντι από το Δημαρχείο)Website & Social Media:TheatreoftheNO I Facebook I Instagram

Eftychia Mitritsa

ETERNAL WOMEN – “The First Glance”

ΤΗΕΑΤRE OF THE NOThursday, November 27 th

The distinguished singer and songwriter Eftychia Mitritsa presents onThursday, November 27, at 21:00 at Theatre of the NO the performance“Eternal Women”, an original musical experience inspired by her third soloalbum “The First Glance.”Released in early 2020, just before words like “lockdown,” “pandemic,”“metoo” and “war” became part of our everyday language – the album nowcomes to life on stage through a live musical narrative about the femaleexistence, its strength and sensitivity.With her characteristic interpretive intensity and solid musical identity, EftychiaMitritsa reintroduces her original material and invites the audience on ajourney among symbolic women and everyday heroines. Each song becomesa name, a gaze, a story, a girl, a sister, a mother, a soul longing to be heard.Her heroines familiar yet distant, vulnerable yet powerful, confess, narrate,and sing their own truth, shedding light on the timeless path of womanhoodthrough history.The thematic cycle “The First Glance” (music by Eftychia Mitritsa, lyrics byNantia Doulavera) consists of eight songs, eight female portraits inspired byarchetypal figures from ancient Greek literature, ecclesiastical texts, andGreek tradition. Electra, Penelope, Ismene, Persephone, Helen, Eve,Magdalene, and The Immured Woman.

On stage, these figures “converse” with other emblematic female charactersdrawn from beloved songs of the Greek art and folk repertoire through worksby Manos Hadjidakis, Mikis Theodorakis, Thanos Mikroutsikos, DimitrisPapadimitriou, Stamatis Kraounakis, Vassilis Tsitsanis, MarkosVamvakaris and younger composers.The music of Eftychia Mitritsa and her expressive power create a captivatingworld rooted in both art and folk traditions. The minimalist instrumentation,blending classical and traditional timbres, forms the foundation for afascinating dialogue between the performer and the three outstandingmusicians who accompany her on stage.

Info

Eftychia Mitritsa – vocals, original music composition, program curationNantia Doulavera – lyrics of original songsDimitris Sintos – piano, laoutoParis Perisinakis – mandolin, Cretan lyraDespoina Spanou– celloKaterina Saltaoura – lightingCreditsPoster Design: Sotiria BramouSocial Media: Nico FytasPR &amp; Communication: Eleftheria Sakareli

Date & Time:Thursday, November 27, at 21:00Ticket price: 15€Presale tickets: more.com

THEATRE OF THE NO: Konstantinou Palaiologou 3, Athens Ι +306946851001(opposite the Athens City Hall)Website & Social Media:TheatreoftheNO I Facebook I Instagram",5575
"001ad6c8141fc073","ΑΝ ΑΚΟΥΣΕΙΣ ΤΑ ΠΑΙΔΙΑ ΜΕ ΤΟΝ ΛΕΥΤΕΡΗ ΚΑΙ ΤΟΝ ΑΛΚΙΒΙΑΔΗ

ΜΟΥΣΙΚΗ ΠΑΡΑΣΤΑΣΗΜΕ ΑΓΑΠΗΜΕΝΑ ΠΑΙΔΙΚΑ ΤΡΑΓΟΥΔΙΑΜετά από μια σειρά sold out παραστάσεων, οΛευτέρης Ελευθερίου και ο Αλκιβιάδης Κωνσταντόπουλος επιστρέφουν στην σκηνή του Σταυρού του Νότου Plusγια λίγες ακόμη εμφανίσεις με την μουσική παράσταση«Αν ακούσεις τα Παιδιά»!Ο γνωστός πολυτάλαντος ηθοποιός και performer συνταντά τον αγαπημένο τραγουδοποιό «άνθρωπο ορχήστρα» και στήνουν παρέα την πιο διασκεδαστική συναυλία μεαγαπημένα παιδικά τραγούδια. Για παιδιά και όσους αισθάνονται ακόμη παιδιά!!

Πώς θα σας φαινόταν ένα live με μουσικούς, φώτα και ήχο αλλά για παιδιά; Ο Λευτέρης και ο Άλκης με παιχνιδιάρικη διάθεση είναι έτοιμοι να σας συνεπάρουν σε ένα θεότρελο ταξίδι στον μουσικό κόσμο των παιδιών με σύγχρονες και κλασικές μελωδίες αλλά και αγαπημένες μελωδίες των μπαμπάδων και μαμάδων... Μια ευκαιρία να ακούσουν τα παιδιά ζωντανά σπουδαίες δισκογραφικές δουλειές όπως η Λιλιπούπολη, τα Μυστικά́ του Κήπου και ο Τεμπέλης Δράκος αλλά και τραγούδια που γνωρίζουν τα από το σχολείο ή από κλασικές παιδικές ταινίες σε μιαμουσική παράσταση εμπλουτισμένη με θεατρικά και διαδραστικά στοιχεία.

Πάρτε την πιο κεφάτη διάθεσή σας και ελάτε να γίνουμε όλοι μαζί μια παρέα, να τραγουδήσουμε, να χορέψουμε και να διασκεδάσουμε σε μια συναυλία με ζωντανή μουσική και κέφι όπου τα παιδιά θα έχουν την ευκαιρία να ακούσουν τα τραγούδια ζωντανά -χωρίς οθόνες- και να ξεσηκωθούν με τιςπιο σημαντικές στιγμές του ελληνικού αλλά και ξένου παιδικού τραγουδιού.

Μαζί τους επί σκηνής, παίζει μουσική και τραγουδάει ο «μαέστρος» Οδυσσέας Κωνσταντόπουλος.",1616
"0124410fc89204ef","Οι Majóvoli live στον Σταυρό του Νότου Club

Σάββατο 8 Νοεμβρίου | Ώρα 21:30 | Είσοδος 12€ | Προπώληση: more.com

Οι Majóvoli, το ανερχόμενο indie pop-rock σχήμα απο την Θεσσαλονίκη , ανεβαίνουν γιαπρώτη φορά στη σκηνή του Σταυρού του Νότου Club το Σάββατο 8 Νοεμβρίου, μετά τηνκυκλοφορία του καινούργιου τους δίσκου «Τσιμέντα, Καντάδα &amp; Τζιν Λεμονάδα» για μιαζωντανή εμφάνιση γεμάτη ενέργεια,συναίσθημα και φρέσκο ήχο.οι Majóvoli θα δώσουν για ακόμη μια φορά τον καλύτερό τους εαυτό , με τραγούδια που σεταξιδεύουν και στίχους που μένουν .",544
"0261e758235dfcb1","The KUSTOMS & The SENCES Live|“ATHENS SHAKEDOWN”

The Northern Sound Attack!RockabillyMadness meetsGarageFury!

ΤηνΠαρασκευή 21 Νοεμβρίου, το θρυλικόΚύτταροθα μετατραπεί στο επίκεντρο της πιο εκρηκτικής βραδιάς της χρονιάς — τοAthensShakedown! Μιαεισβολή από τον Βορρά, όπου ηRockabillyπαράνοιασυναντά την αρχέγονηGarageενέργεια, σε έναδιπλόlive-showπου υπόσχεται να τινάξει τη σκηνή στον αέρα!

Στη σκηνή ανεβαίνουν δύο από τις πιο δυνατές μπάντες της Θεσσαλονίκης: οιKustoms, οι γερόλυκοι μάστορες του ελληνικού rockabilly με το νέο τους single να αναβλύζει βενζίνη και ρυθμό, και οιSences, το πιο φρέσκο και ελπιδοφόρο εφηβικό garage συγκρότημα της χώρας, και (why not?) της Ευρώπης που κάνει τηνπαρθενική του εμφάνιση στην Αθήναμε ωμό ήχο, fuzz, αλλά και λυρισμό.

Και οι δύο μπάντες θα παρουσιάσουντα ολοκαίνουργιαsinglesτους, που ήδη έχουν ταράξει τα νερά σε Ελλάδα και το εξωτερικό, ενώ στον χώρο θα στηθείπαζάρι βινυλίωνμε ""hard to find"" rock’n’roll, garage, rockabilly και surf δίσκους.Το απόλυτοNorthSoundAttackπου θα αφήσει πίσω του καπνό, ιδρώτα και καθαρό ηλεκτρισμό!

------------------------------------

ΟιKUSTOMS, το πρώτο ελληνικό rock’n’roll supergroup, συμπληρώνουν 15 χρόνιαασταμάτητηςδράσης! Με ρίζες στη Θεσσαλονίκη και μέλη από κορυφαία σχήματα του χώρου, το κουαρτέτο συνδυάζει την αυθεντική ’50s αισθητική με έναν εκρηκτικά σύγχρονο ήχο που ακροβατεί ανάμεσα σεrockabilly,rhythm’n’bluesκαιcountry. Η ενέργειά τους στη σκηνή είναι μεταδοτική — κάθε live μετατρέπεται σεγνήσιοparty, γεμάτο κέφι, χαμόγελα και ρυθμό!

Μετά το ντεμπούτο“BeatOnTheRhythm”, που απέσπασε διθυραμβικά σχόλια διεθνώς, οι KUSTOMS επέστρεψαν με το καταιγιστικό 7’’ single“OutOfTheDowntown/DropStomper”(On Stage Records), που ήδη κάνει αίσθηση σε Ευρώπη και Αμερική. Οι KUSTOMS είναι εδώ —ζωντανοί, δυνατοί και έτοιμοι να ταράξουν ξανά τα νερά τουrock’n’roll!

OιKustomsαποτελούνται από τους:

Shockin’Steve,τραγουδιστής και κιθαρίστας, ηγετικό μέλος τωνBullets, της πάλε ποτέ δημοφιλέστερης ελληνικής Rock’n’Roll μπάντας.

Milton Veloukas, χαρισματικός κιθαρίστας με μακροχρόνια καριέρα στους Full Houze και παλαιότερα στους Dixie Fried.

George Georgiou,ένας ιδιαίτερα προικισμένος κοντραμπασίστας που ξεκίνησε με τους Wildfire ενώ παίζει σταθερά και με τους Johnny Rumble & The law 4000.

Alex Apostolakis,ένας από τους καλύτερους ντράμερ της χώρας και από τους πλέον περιζήτητους. Ξεχωρίζει η πολυετής συνεργασία του με τoυς Blues Wire, την σημαντικότερη ελληνική blues μπάντα όλων των εποχών.

Περισσότερα:Facebook|Instagram|YouTube-----------------------------------------

Μα ποιοι είναι επιτέλους αυτοί οιSencesπου προκαλούν τόσο μεγάλο ντόρο στην Ευρωπαϊκή garage/beat σκηνή;

ΟιSENCESείναι ένα εφηβικό garage rock συγκρότημα από την Θεσσαλονίκη που γεννήθηκε μέσα στην καραντίνα του 2021 — όταν η βαρεμάρα, ο θυμός και η ανάγκη για ήχο έγιναν fuzz, farfisa και τύμπανα. Πέρασαν από διάφορα μουσικά στάδια, lineup αλλαγές και πειραματισμούς, μέχρι να βρουν τον αληθινό τους προορισμό: τηναναβίωση του αυθεντικού 60sgaragerock.

Από τότε δεν έχουν σταματήσει να παίζουν live — από τη Θεσσαλονίκη και τον Πλαταμώνα, μέχρι τον Αχέροντα και, πιο πρόσφατα, τηΓερμανία, όπου μέσα στο 2024 πραγματοποίησανπέντε εμφανίσεις, μεταξύ αυτών και μία στοGaravilleFestival. Και η φάση συνεχίζεται: τονΝοέμβριοεπιστρέφουν για άλλεςτρεις συναυλίες στη Γερμανία, ενώ το 2026 θα εμφανιστούν στοSantAntoniPopFestivalστηνΙσπανίακαι στοDoubleWhammyτουΒερολίνου.

Ο ήχος τους είναι ωμός, νεανικός και βαθιά ριζωμένος στα 60s — εκεί όπου η fuzz κιθάρα συναντά τη σκοτεινή μελωδία και την ψυχεδελική ατμόσφαιρα. ΟιTheSencesαντλούν έμπνευση από συγκροτήματα όπως οιStandells,TheByrds,Love,ChocolateWatchband, αλλά και από τις θρυλικές συλλογές της σκηνής όπωςTeenageShutdown,ByrdsWon’tFlyToday,I’mLosingTonight,BackFromTheGraveκαιGlimpses.

Στην ουσία, δεν προσπαθούν να αντιγράψουν τίποτα — απλώςζουν μέσα σε αυτό. Οι Sences δεν αναβιώνουν απλώς τον ήχο των 60s· τονξαναγεννούν, μέσα από μια ακατέργαστη εφηβική ενέργεια που δεν μπορείς να αγνοήσεις.

ΚυκλοφορίεςDone with you - Single (Lost In Tyme Records) - July 2023

Better than before - LP (Lost In Tyme Records) - July 2024

Emilia - Single (Rogue Records) - September 2025

Περισσότερα:Facebook|Instagram|YouTube

INFO:

ΠΑΡΑΣΚΕΥΗ 21 ΝΟΕΜΒΡΙΟΥ 2025

The KUSTOMS & The SENCES Live

ΚΥΤΤΑΡΟ: ΗΠΕΙΡΟΥ 48 & ΑΧΑΡΝΩΝwww.kyttarolive.gr

ΠΟΡΤΕΣ: 21.00 ΕΝΑΡΞΗ: 22.30ΕΙΣΙΤΗΡΙΟ: 10€

ΕΠΙΚΟΙΝΩΝΙΑ:210 8224134 – 697 764 1373 &info@kyttarolive.gr

ΠΡΟΠΩΛΗΣΗ ΕΙΣΙΤΗΡΙΩΝ: MORE.COM",4503
"02dd8236d7597145","Μια Χριστουγεννιάτικη ιστορία για παιδιά

(ΔΕΊΤΕ ΤΟ ΠΡΟΓΡΑΜΜΑ ΠΑΡΑΣΤΑΣΕΩΝ ΠΑΡΑΚΑΤΩ)

Ο χιονάνθρωπος Όλαφαναλαμβάνει μια χριστουγεννιάτικη αποστολή. Θα πρέπει να φέρει τα Χριστούγενναπίσω. Τι θα συμβεί όταν ο 🧙‍♂️ κακός μάγος Γκριντζ κλείνει ερμητικά τις χριστουγεννιάτικες πύλες της πόλης;

Πως μπορούν να ανοίξουν πάλι;

Θα καταφέρουν ο Όλαφ και η παρέα του να πάρουν πίσω τα αγαπημένα μας Χριστούγεννα;

Ο Όλαφ μαζί με τους φίλους του, το ξωτικο-κοριτσάκι Χόλι και το χριστουγεννιάτικο δεντράκι Γκλάιμερ ξεκινάνε ένα μεγάλο ταξίδι για να βρουν όλες τις απαντήσεις.

Θα περάσουν από μαγεμένα δάση και μεγάλες πόλεις, θα συναντήσουν μαγικά πλάσματα και ‘’παγωμένους’’ ήρωες, θα παίξουν , θα χορέψουν, θα λύσουν γρίφους και θα φτιάξουν μαγικά ξόρκια!

Ο Άη Βασίληςτους περιμένει! Θα καταφέρει να τους δώσει τη λύση;

Μόνο αν τον βοηθήσουν οι μικροί θεατές! Αρκεί να θυμούνται ότι με τη δύναμη της αγάπης, της φιλίας και της αλληλεγγύης μπορούν να λύσουν όλα τα μαγικά ξόρκια και να φέρουν τα Χριστούγεννα στις καρδιές όλων των ανθρώπων

Γέλιο, φαντασία, παιχνίδι και πολλά μαγικά μέσα από μια ιστορία γεμάτη νοήματα για όλη την οικογένεια!Μια διαδραστική παράστασημε πολύ χορό και τραγούδι, όπου η συμμετοχή των μικρών θεατών είναι καθοριστική.",1243
"0327520470489a7f","Οι Joker/Two-Face επιστρέφουν στην Αθήνα, για μία μεγάλη συναυλία στο Gagarin 205.",82
"03e222e79f1da468","This is not your average Wednesday…Οι Deez Nuts επιστρέφουν στην Αθήνα για να κάνουν τοAux Clubνα τρίζει. ΤηνΤρίτη 19 Νοεμβρίου, ετοιμάσου για ιδρώτα, δυνατά breakdowns και sing-alongs που δεν θα ξεχάσεις ποτέ.Με attitude που δεν σηκώνει πολλά-πολλά και ήχο που χτυπάει κατευθείαν στο στήθος, οι Deez Nuts κουβαλάνε μαζί τους όλη την ωμή ενέργεια που τους έβαλε στον χάρτη.",373
"03f644eadb429e8e","‘Tiangong Kaiwu’ –  Μια επική χορευτική παράσταση από την Κίνα

Δεν είναι απλώς ένα χορευτικό έργο — είναι ένα επικό ταξίδι πέρα από τον χρόνο και τον χώρο.Σκηνοθετημένο από τον κορυφαίο Κινέζο σκηνοθέτηLu Chuan, τοTiangong Kaiwuσυνδυάζει την κινηματογραφική αφήγηση με τη θεατρική δύναμη της εικόνας, μεταφέροντας το κοινό σε έναν ανατολικό κόσμο γεμάτο δεξιοτεχνία, φαντασία και φιλοσοφική σκέψη.

📌 Το έργο τοποθετείται στην ιστορική περίοδο μετάβασης από τη δυναστεία των Μινγκ στη δυναστεία των Τσινγκ — μια εποχή αναταραχής και αναγέννησης. Ανάμεσα στη δόξα των πολιτισμών και τα ερείπια του πολέμου, τοTiangong Kaiwuδιερωτάται:Όταν ο πόλεμος καταστρέφει τα πάντα — μπορεί η τέχνη και η ανθρώπινη σοφία να αναγεννήσουν την ελπίδα;

Από την πρεμιέρα του στην Κίνα, το έργο έχει περιοδεύσει σεπάνω από 30 πόλειςκαι έχει παρουσιάσει100+ sold-out παραστάσεις, αποτελώντας ένα από τα πιο εμβληματικά πρωτότυπα χορευτικά έργα των τελευταίων ετών.

Συνδυάζει εκλεπτυσμένη κινεζική αισθητική με βαθύ φιλοσοφικό υπόβαθρο, χρησιμοποιώντας τη γλώσσα του χορού για να διερευνήσει την αιώνια σχέση ανάμεσαστον άνθρωπο — στη φύση — και στη δημιουργία.

🌏 Ο πολιτισμός εξελίσσεται μέσω ανταλλαγής — προοδεύει μέσω αμοιβαίας μάθησης.ΤοTiangong Kaiwuείναι ταυτόχρονα ένας ύμνος στον κινεζικό πολιτισμό και ένας κοινός στοχασμός για την ανθρωπότητα.Ένα έργο γιαόλες τις γενιές.

Το έργο είναι συμπαραγωγή της Jiangxi Performing Arts Group και της Beijing Dance Academy και εγκαινιάζει το 3ο Sino-Hellenic International Theatre Festival.

📍 28–30 Νοεμβρίου 2025 | Christmas Theater, Αθήνα🎟️ 4 παραστάσεις – ζήστε το θαύμα της παράδοσης επί σκηνής!

♿ Θέσεις για ΑμεΑ διαθέσιμες μόνο με τηλεφωνική κράτηση στο 2117701700👥 Ισχύουν ειδικές τιμές για ομαδικά εισιτήρια. Πληροφορίες: 2117701700 ή info@ct.gr

Tiangong Kaiwu – An Epic Dance Drama from China

This is more than a dance drama — it is an epic journey across time and space.Directed by acclaimed Chinese filmmakerLu Chuan,Tiangong Kaiwublends cinematic language with the visual power of the stage, guiding audiences into an Eastern world shaped by craftsmanship, imagination, and philosophical reflection.

📌 Set during the historic transition from the Ming to the Qing dynasties — a turbulent era of destruction and rebirth — the work asks:When war destroys everything, can human wisdom and art create hope again?

Since its premiere in China, the production has toured30+ citieswithover 100 sold-out performances, becoming one of the most iconic original dance theatre productions of recent years.

It merges refined Chinese aesthetics with profound philosophical depth, using the language of dance to explore the eternal bond betweenhumanity — nature — and creation.

🌏 Civilization flourishes through exchange — and progresses through mutual learning.Tiangong Kaiwuis both a tribute to Chinese civilization and a shared reflection upon humanity itself.A performance forall generations.📍 November 28–30, 2025 | Christmas Theater, Athens🎭 Four shows only – a cultural journey for the whole family!

♿ Accessible seating available by phone reservation only: +30 211 770 1700👥 Special group rates available. For more info: +30 211 770 1700 or info@ct.gr

《天工开物》不仅是一部舞剧——它是一场跨越时间与空间的史诗之旅。由中国殿堂级导演陆川执导，《天工开物》融合电影叙事与舞台视觉语言，以舞蹈为载体，将观众带入一个由工艺、想象力与哲思构筑的东方世界。

📌 本作取材于明末清初—— 一个文明交替、战乱与重生并存的时代。作品提出一个永恒命题：当战争摧毁一切，人类的智慧与艺术，还能否重新点燃希望？

自首演以来，《天工开物》已巡演30+城市、演出100+场次多场售罄，成为近年来最具代表性的原创舞台作品之一。

作品以精致的中国美学与深层哲学思考为基础，以舞蹈探索人类、自然与创造之间永恒不灭的关联。

🌏 文明因交流而延续、因互鉴而进步。《天工开物》既是对中华文明的礼赞，也是针对全人类的共同思考。这是一部面向全年龄观众的作品。

📍 2025年11月28–30日｜Christmas Theater 雅典🎭 全家共享一场跨越文明的东方视觉盛宴！

♿ 残障观众专属座位仅限电话预订：+30 211 770 1700👥 团体票享受优惠，详情请联系：+30 211 770 1700 或 info@ct.gr

一位书生，一生一书。

宋应星，六次科考落榜，却痴迷于记录中国劳动人民的技艺与创造。他用18个篇章系统梳理明代以前的农业与手工业实践，写下这部“与功名进取毫不相关”的科学巨著——《天工开物》。

山河动荡，兄长与挚友皆为国殉难，他却选择静心著书，以一支笔，守护千年技艺，传承中国智慧，影响世界。

舞台之上，人民是主角。

舞剧《天工开物》结合明制美学，演绎群众的集体智慧与中华民族的文化精粹。它不止是献给过去的敬礼，更是面向未来的问答。

此书与功名进取毫不相关，此书与你我有关！

📍2025年11月28–30日｜雅典 Christmas Theater｜共演四场",3960
"03fb83cc0701900d","XLALALA PROUDLY PRESENTS

MOTHER OF MILLIONS

+ SPECIAL GUESTS

Σάββατο 22 Νοεμβρίου

FUZZ

Το prog metal δεν είναι είδος, είναι άποψη και στάση ζωής

Κάθε χρόνο μία μέρα η καλλιτεχνική υπερδύναμη που ακούει στο όνομα Mother of Millions μας συγκεντρώνει σε έναν κλειστό χώρο για να μας ανοίξει τα μάτια και να μας πλατύνει το νου.

Ένα χρόνο από την κυκλοφορία του καθηλωτικού Magna Mater, οι Mother of Millions ολοκληρώνουν την περιοδεία του δίσκου με ένα live που θα ευχαριστήσει ιδιαιτέρως τους σκληροπυρηνικούς οπαδούς τους καθώς υπόσχονται να παίξουν κομμάτια που έχουν καιρό να ακουστούν.

Ο λόγος; Αυτός που ελπίζατε… επιστρέφουν στο στούντιο για να ετοιμάσουν την έκτη κατά σειρά κυκλοφορία τους. Στις 22 Νοεμβρίου έρχονται να ενώσουν παρελθόν, παρόν και να μας προϊδεάσουν για το μέλλον με την απαράμιλλη εσωτερικότητα, την αξιοζήλευτη εκτελεστική τους δεινότητα και τη μοναδική ικανότητα να σε υποχρεώνουν να συν- αισθανθείς.

“Με το όραμα να παραμένει αδιάβλητο, οι Mother Of Millions αναδιοργανώθηκαν, μετουσιώνοντας όλα αυτά τα συναισθήματα σε ήχους, λέξεις και στιγμές.Ορμώμενοι από την απώλεια, μιλώντας για τη ζωή.”Rocking.gr

Μαζί τους αυτή τη φορά δύο ακόμα σχήματα που θα ανακοινωθούν σύντομα για να μεταμορφώσουν το βράδυ του Σαββάτου σε μία ωδή στην ανθρώπινη δημιουργικότητα.

Τα πράγματα είναι απλά. Κάθε συναυλία των Mother of Millions είναι λόγος να θυμηθείς γιατί αγάπησες τη μουσική. Η συγκεκριμένη, θα είναι αξεπέραστη. Είναι ανάγκη να υπάρχουν τέτοια συγκροτήματα. Είναι τιμή να παί-ζουν δίπλα μας. Μην το χάσεις.",1542
